100.0,-103.33333333333334,-103.33333333333334,-103.33333333333334
6555.4,-102.66750035445804,-102.706919996568,-102.62808071234808
14450.4,-102.48168211437981,-102.50066885328572,-102.4626953754739
23333.2,-102.27415116753994,-102.2953551631208,-102.25294717195908
32868.0,-102.05335009908326,-102.07759850281732,-102.0291016953492
43123.4,-101.8376297897841,-101.86103441786155,-101.81422516170666
53735.2,-101.61043918498272,-101.63104638976168,-101.58983198020377
64706.2,-101.38322689070003,-101.40623947259549,-101.36021430880457
76023.8,-101.15708412292133,-101.17790389858415,-101.13626434725852
87676.0,-100.93173602689625,-100.9574809535465,-100.905991100246
99462.2,-100.70012749010581,-100.72331189084984,-100.67694308936179
111526.4,-100.47403667305898,-100.49555186250804,-100.45252148360991
123976.0,-100.2541213247531,-100.27843011547627,-100.22981253402993
136681.2,-100.03335463191257,-100.05815675247644,-100.00855251134871
149498.4,-99.80910870814334,-99.83796017567373,-99.78025724061295
162447.6,-99.58547226152002,-99.61187069727421,-99.55907382576584
175567.4,-99.3637017633142,-99.39182176687656,-99.33558175975183
188846.6,-99.14347304365755,-99.16426323611107,-99.12268285120403
202269.0,-98.9238673893541,-98.9481631545712,-98.899571624137
215869.6,-98.70617866924935,-98.73374140284822,-98.67861593565048
229564.8,-98.48725166285698,-98.5156861006816,-98.45881722503235
243549.6,-98.27574373950047,-98.29874615705172,-98.25274132194922
257582.6,-98.05903292832056,-98.0859803490042,-98.03208550763692
271555.4,-97.83912309810296,-97.86597701655306,-97.81226917965286
285767.0,-97.62838898598403,-97.65929841983227,-97.5974795521358
300075.0,-97.4156485021559,-97.44541916760043,-97.38587783671137
314626.4,-97.20834674299665,-97.23580268958446,-97.18089079640885
329131.0,-96.9948781912122,-97.02439614655798,-96.96536023586641
343763.0,-96.78610186799415,-96.80812691207919,-96.76407682390911
358366.6,-96.57391019116312,-96.5956620777701,-96.55215830455614
373266.0,-96.37088945344715,-96.39905720707522,-96.34272169981908
388087.4,-96.16023751022223,-96.18518613663056,-96.1352888838139
403047.0,-95.95503631982199,-95.98295933070325,-95.92711330894072
418074.8,-95.7495029863841,-95.77831041229999,-95.72069556046822
433389.2,-95.55120030521633,-95.57237846440358,-95.53002214602907
448769.0,-95.3502419216496,-95.37193959711533,-95.32854424618387
464142.2,-95.14840531055204,-95.1737771141176,-95.12303350698647
479586.8,-94.94843385353238,-94.9748763381012,-94.92199136896356
494979.0,-94.74575041691955,-94.76763277194064,-94.72386806189846
510565.4,-94.54963024399486,-94.57393134654433,-94.52532914144538
526248.2,-94.35318752151198,-94.37353573747781,-94.33283930554616
542022.6,-94.15778953061076,-94.17702745635606,-94.13855160486546
557759.2,-93.96031390063804,-93.98218639061388,-93.93844141066221
573600.0,-93.76643076966911,-93.78739426171724,-93.74546727762099
589617.0,-93.57571350813276,-93.59708643394487,-93.55434058232066
605663.8,-93.38334224623297,-93.40405527278446,-93.36262921968148
621691.2,-93.19042872940582,-93.2151407440274,-93.16571671478425
637852.4,-93.00154420097911,-93.02818006247968,-92.97490833947855
654076.2,-92.81265594897272,-92.83710901765399,-92.78820288029145
670339.0,-92.62413820184533,-92.64738772168445,-92.6008886820062
686551.0,-92.43435468122858,-92.45590903354478,-92.41280032891238
702893.0,-92.24864916479787,-92.27413343615336,-92.22316489344237
719273.2,-92.0622871300264,-92.08797071122869,-92.03660354882412
735742.0,-91.87801356286215,-91.9038133820943,-91.85221374363
752239.0,-91.69396028493568,-91.71886036287403,-91.66906020699734
768803.6,-91.51111562335481,-91.53795822368212,-91.4842730230275
785358.0,-91.32735269082656,-91.35750640550226,-91.29719897615085
802107.8,-91.14859318811475,-91.17236450101552,-91.12482187521397
818801.0,-90.96670424818406,-90.99359139084537,-90.93981710552275
835640.2,-90.78937322776305,-90.81340676630045,-90.76533968922566
852457.8,-90.60952081661836,-90.63126719002207,-90.58777444321464
869279.6,-90.43066121759121,-90.45509246683694,-90.40622996834547
886240.0,-90.25526547178137,-90.27666614765386,-90.23386479590889
903304.0,-90.08058074630142,-90.10592218361663,-90.05523930898622
920334.6,-89.90405277864708,-89.92559759143622,-89.88250796585795
937478.4,-89.73064423075354,-89.75132006693194,-89.70996839457514
954459.6,-89.55347646794313,-89.57410500344362,-89.53284793244264
971685.0,-89.3834958486767,-89.40332695337997,-89.36366474397343
988954.6,-89.21199198136398,-89.23437201512587,-89.18961194760209
1006156.2,-89.03893353975923,-89.05977381942805,-89.01809326009041
1023381.8,-88.86731258857898,-88.89302608072823,-88.84159909642973
1040677.2,-88.69737810611187,-88.72031095680956,-88.67444525541418
1058164.0,-88.5311523849206,-88.55410328648446,-88.50820148335674
1075646.6,-88.3627958996809,-88.38564170244668,-88.33995009691513
1093215.2,-88.1965887816357,-88.22061976981661,-88.17255779345479
1110755.2,-88.02924947618227,-88.05230858357739,-88.00619036878716
1128230.2,-87.86171944574286,-87.88192050522193,-87.8415183862638
1145839.4,-87.69769768822877,-87.72300408595646,-87.67239129050108
1163485.0,-87.53351221777659,-87.55619119826896,-87.51083323728422
1180977.8,-87.3663204841448,-87.38754440584027,-87.34509656244931
1198731.6,-87.20612463332775,-87.22740244479805,-87.18484682185745
1216533.2,-87.04466374418169,-87.0686318681689,-87.02069562019449
1234309.6,-86.88302425090714,-86.90725276593463,-86.85879573587965
1252079.0,-86.7212578166905,-86.74561762341479,-86.6968980099662
1270079.6,-86.56452167064424,-86.58758769862446,-86.54145564266402
1288047.4,-86.40523784073362,-86.42762538079488,-86.38285030067236
1305956.8,-86.24570540040543,-86.27086644019009,-86.22054436062076
1324070.8,-86.09095691835509,-86.11460471805721,-86.06730911865297
1342142.8,-85.93348356729975,-85.9580794133697,-85.90888772122979
1360152.4,-85.77631403904327,-85.80070307502474,-85.7519250030618
1378249.8,-85.62169126647606,-85.64942338732178,-85.59395914563035
1396327.2,-85.46615060963072,-85.48987515956466,-85.44242605969677
1414425.6,-85.31149630635109,-85.33437152347945,-85.28862108922273
1432708.6,-85.1605416457274,-85.18352404116487,-85.13755925028994
1450961.4,-85.00745606444583,-85.03215152134051,-84.98276060755116
1469188.8,-84.85482697283925,-84.88039998947613,-84.82925395620236
1487408.4,-84.70243723377568,-84.73042384293532,-84.67445062461604
1505695.0,-84.5521050168137,-84.58035403530428,-84.52385599832311
1524043.0,-84.40227128516838,-84.42850369041251,-84.37603887992425
1542427.6,-84.25344907607914,-84.28166386148132,-84.22523429067695
1560793.4,-84.10379944681975,-84.131492611125,-84.0761062825145
1579364.8,-83.95835114755482,-83.98475752155383,-83.93194477355581
1597789.4,-83.80894741692654,-83.8353868337851,-83.78250800006799
1616341.4,-83.66357608692047,-83.69114639485167,-83.63600577898927
1634961.0,-83.51848968147114,-83.54495023667994,-83.49202912626234
1653620.6,-83.37385844188044,-83.4044264134281,-83.34329047033279
1672250.0,-83.22856701337855,-83.25980798518597,-83.19732604157113
1690932.4,-83.0848316134462,-83.11652713260382,-83.05313609428858
1709623.4,-82.94127161014612,-82.97321408232025,-82.90932913797198
1728212.8,-82.7964237734828,-82.8260968567412,-82.7667506902244
1746816.8,-82.65283416981262,-82.68701514733068,-82.61865319229456
1765711.4,-82.51425999207437,-82.54385941928868,-82.48466056486006
1784680.2,-82.37459568150989,-82.4027462638824,-82.34644509913737
1803347.4,-82.22999808999876,-82.26258135345263,-82.19741482654489
1822149.8,-82.0909886091199,-82.12115161535618,-82.06082560288363
1841107.0,-81.95328588049964,-81.98380601511548,-81.9227657458838
1860058.0,-81.81433325291536,-81.84761775476228,-81.78104875106844
1879014.6,-81.67624084361225,-81.71000885648627,-81.64247283073823
1897953.2,-81.53799895328406,-81.5705354130144,-81.50546249355372
1916990.6,-81.40193075371349,-81.43215859642463,-81.37170291100234
1936119.0,-81.26676840023171,-81.29422334358648,-81.23931345687694
1955278.6,-81.13147125873466,-81.16073756233017,-81.10220495513916
1974342.8,-80.9949899561866,-81.02310277320198,-80.96687713917122
1993425.6,-80.86010743416614,-80.890147602134,-80.83006726619828
2012614.6,-80.72696145601556,-80.75818004709751,-80.6957428649336
2031853.6,-80.59399774443224,-80.62187946716891,-80.56611602169558
2051203.2,-80.46270121438043,-80.49237585173948,-80.43302657702138
2070420.0,-80.32886188724702,-80.35726298727813,-80.3004607872159
2089779.8,-80.19884384488955,-80.22616224631227,-80.17152544346683
2108986.4,-80.0657463025602,-80.09387618647774,-80.03761641864266
2128262.8,-79.93499542213779,-79.96349114601323,-79.90649969826235
2147611.0,-79.80510673368636,-79.83442599904271,-79.77578746833001
2167068.8,-79.6769011567884,-79.70879060421422,-79.64501170936259
2186470.6,-79.54720375772817,-79.57683697958737,-79.51757053586897
2205820.8,-79.41748858023426,-79.4442982434942,-79.39067891697432
2225437.0,-79.29219206365212,-79.32046853689307,-79.26391559041117
2244848.2,-79.1623267361297,-79.19006858813869,-79.13458488412071
2264427.2,-79.03704200076311,-79.06816225729924,-79.00592174422698
2283915.8,-78.90951203064239,-78.93821351598547,-78.88081054529931
2303405.0,-78.78300406318382,-78.81198948955908,-78.75401863680857
2323114.2,-78.6600843585649,-78.68682323638843,-78.63334548074137
2342700.8,-78.53403983509891,-78.56273173582225,-78.50534793437556
2362441.6,-78.41167328749604,-78.43757572951617,-78.38577084547592
2382007.6,-78.28568145384355,-78.31471937529848,-78.25664353238862
2401682.6,-78.16305062348633,-78.19182475811763,-78.13427648885502
2421426.8,-78.04094933077542,-78.06761986491514,-78.0142787966357
2441272.2,-77.91989081525263,-77.94860774420438,-77.89117388630088
2460963.8,-77.79628696558807,-77.819161293758,-77.77341263741813
2480921.2,-77.67789289749027,-77.70158895959527,-77.65419683538526
2500632.4,-77.55450936576155,-77.57860137266462,-77.53041735885847
2520523.0,-77.435547883642,-77.46047156023914,-77.41062420704486
2540453.0,-77.31641031408023,-77.33960183900578,-77.29321878915468
2560247.2,-77.19527799800169,-77.2180450981485,-77.17251089785488
2580289.2,-77.07895838982911,-77.10133325329608,-77.05658352636215
2600128.2,-76.95838842788052,-76.98164781781975,-76.9351290379413
2619990.4,-76.83995885169904,-76.86343547906223,-76.81648222433584
2639902.0,-76.72229097557945,-76.74532207595696,-76.69925987520195
2659952.2,-76.60638241473642,-76.62979961879904,-76.58296521067379
2680064.8,-76.4904780885234,-76.51091980202978,-76.47003637501703
2700163.8,-76.37453147987772,-76.39596232026503,-76.3531006394904
2720182.0,-76.25803130813765,-76.27888221849976,-76.23718039777553
2740248.4,-76.14275295045874,-76.16443049315015,-76.12107540776734
2760478.6,-76.02967331965871,-76.05423061084946,-76.00511602846797
2780658.4,-75.91498523405892,-75.93651742702038,-75.89345304109746
2800767.4,-75.80041442876453,-75.82185605297211,-75.77897280455694
2821028.2,-75.68845569755743,-75.70966089468904,-75.66725050042582
2841221.4,-75.57501160756753,-75.59697138568006,-75.553051829455
2861446.2,-75.46249456111245,-75.48684369710215,-75.43814542512276
2881773.6,-75.35123845311605,-75.37286037282539,-75.32961653340672
2901971.2,-75.23818721122393,-75.25959583790645,-75.21677858454142
2922357.6,-75.12853656900685,-75.15230465756785,-75.10476848044586
2942676.6,-75.01705105055997,-75.04026956902007,-74.99383253209987
2962995.8,-74.9065270263425,-74.9320771250864,-74.88097692759861
2983424.2,-74.79757475866539,-74.82055681788566,-74.77459269944512
3003842.6,-74.68800783767284,-74.7121450297044,-74.66387064564128
3024175.2,-74.5778742966696,-74.6014125145574,-74.55433607878182
3044616.2,-74.46987213722703,-74.4938870152976,-74.44585725915645
3065078.8,-74.36182422978172,-74.38350023550474,-74.3401482240587
3085485.0,-74.2530939445562,-74.27697686166152,-74.22921102745087
3106012.8,-74.14637802495491,-74.17133533306833,-74.1214207168415
3126568.6,-74.03955234039134,-74.06404753609591,-74.01505714468676
3146949.0,-73.93100801469886,-73.95551512535985,-73.90650090403787
3167647.0,-73.82741385026823,-73.85254425256262,-73.80228344797383
3188033.0,-73.7185733952408,-73.74573452336506,-73.69141226711653
3208619.8,-73.61422413891927,-73.63864845075133,-73.5897998270872
3229295.0,-73.50964728180159,-73.53689888812941,-73.48239567547377
3249940.4,-73.40465471690183,-73.43212757540402,-73.37718185839964
3270721.4,-73.30162589906823,-73.32868181410187,-73.27456998403458
3291435.0,-73.1973734498396,-73.22386074762939,-73.17088615204982
3312097.0,-73.09333734997236,-73.11957887737908,-73.06709582256563
3332761.4,-72.9898704402495,-73.01707855380022,-72.96266232669879
3353446.2,-72.88677545288662,-72.91257587874603,-72.86097502702722
3374244.0,-72.78525026510236,-72.80898581152275,-72.76151471868198
3395063.4,-72.6833443500326,-72.71037971988707,-72.65630898017812
3415900.6,-72.58193826584015,-72.60629920510591,-72.55757732657439
3436769.2,-72.48105750951432,-72.50788918139905,-72.45422583762958
3457387.6,-72.37744087117443,-72.4016110086154,-72.35327073373345
3478262.2,-72.27863953752788,-72.30420288434523,-72.25307619071053
3499286.2,-72.17989739070289,-72.20579575065237,-72.15399903075341
3520420.6,-72.08161498536086,-72.10704655641867,-72.05618341430305
3541424.4,-71.98188116565862,-72.01020784202763,-71.95355448928962
3562377.8,-71.8826675701051,-71.90895328594826,-71.85638185426194
3583319.2,-71.78388317166181,-71.80848701504408,-71.75927932827955
3604174.6,-71.68445091627882,-71.70810244703782,-71.66079938551982
3625015.4,-71.58563497684506,-71.60998070440222,-71.5612892492879
3645916.4,-71.48779077292173,-71.51447580933012,-71.46110573651333
3667240.0,-71.39428915455608,-71.41843051331504,-71.37014779579711
3688403.6,-71.29674608498507,-71.32288871147827,-71.27060345849188
3709610.6,-71.20096718976247,-71.22626834196522,-71.17566603755971
3730791.8,-71.10489747960631,-71.13056618712717,-71.07922877208544
3752032.4,-71.00973759963333,-71.03452302520604,-70.98495217406061
3773210.2,-70.9141928972202,-70.93830305351027,-70.89008274093014
3794459.8,-70.81978334176331,-70.84327634033022,-70.7962903431964
3815653.2,-70.72462273200622,-70.7508793923134,-70.69836607169906
3836931.2,-70.63087288435048,-70.6561263808708,-70.60561938783016
3858185.6,-70.5367107467101,-70.56270963694318,-70.51071185647702
3879515.6,-70.44371349252539,-70.46920387721063,-70.41822310784015
3900708.0,-70.34913208664392,-70.37448988245357,-70.32377429083427
3922042.6,-70.2570202872746,-70.28311943309485,-70.23092114145435
3943241.2,-70.1631030138183,-70.1889911876714,-70.1372148399652
3964636.8,-70.071990350638,-70.09658225472833,-70.04739844654767
3985937.8,-69.97924085071483,-70.00332597018694,-69.95515573124273
4007279.0,-69.88754637648547,-69.91072155557376,-69.86437119739719
4028772.2,-69.7973507316893,-69.82346639215105,-69.77123507122757
4050111.6,-69.70489320537963,-69.72836151327127,-69.681424897488
4071358.2,-69.61275826078852,-69.6372068583764,-69.58830966320065
4092699.2,-69.52235900762784,-69.54620487421649,-69.4985131410392
4114062.0,-69.4318491882708,-69.45496679957812,-69.40873157696349
4135429.2,-69.3413863282445,-69.36466604593073,-69.31810661055826
4156961.2,-69.25272028390415,-69.27549270171863,-69.22994786608967
4178522.6,-69.16385268096448,-69.18784584587841,-69.13985951605055
4200054.8,-69.07483527435961,-69.10015958292355,-69.04951096579568
4221570.4,-68.98599583968411,-69.00975824441808,-68.96223343495014
4243122.6,-68.89766308700828,-68.91955305996655,-68.87577311405002
4264484.0,-68.80777720594983,-68.82958308801484,-68.78597132388482
4286266.8,-68.7230012930751,-68.74758186933381,-68.69842071681639
4307861.6,-68.63435579554323,-68.65679921640788,-68.61191237467858
4329782.6,-68.54986833654938,-68.57273575319867,-68.52700091990009
4351449.2,-68.46172943883161,-68.4847465261081,-68.43871235155513
4373073.6,-68.37478832367577,-68.39615447707502,-68.35342217027653
4394807.4,-68.28924028883583,-68.31332461676334,-68.26515596090832
4416421.0,-68.20231419825384,-68.22379888686417,-68.18082950964352
4438031.0,-68.1160445248087,-68.13883193690508,-68.09325711271232
4459857.2,-68.03205851830985,-68.05351041047895,-68.01060662614076
4481461.6,-67.94544569131948,-67.96709187735351,-67.92379950528544
4503281.0,-67.86172426089206,-67.88388802189277,-67.83956049989135
4524982.2,-67.776304343285,-67.7989374918351,-67.7536711947349
4546722.6,-67.69187606799956,-67.71216075866677,-67.67159137733235
4568419.6,-67.60717053116679,-67.62644944446163,-67.58789161787195
4590264.6,-67.52407408089339,-67.54584799105179,-67.50230017073498
4612238.0,-67.44166957847035,-67.46198326513523,-67.42135589180548
4634055.6,-67.35749610987723,-67.3775089435989,-67.33748327615557
4656049.6,-67.27574430185025,-67.29672146938543,-67.25476713431507
4678028.8,-67.19337183669728,-67.21538150846,-67.17136216493456
4699830.4,-67.1098375946178,-67.13101912377785,-67.08865606545776
4721704.2,-67.02794981315954,-67.04874183672706,-67.00715778959201
4743608.2,-66.94620450665522,-66.9654487515796,-66.92696026173084
4765631.0,-66.86544726328931,-66.88609376537482,-66.8448007612038
4787519.4,-66.78338269125234,-66.8024344524093,-66.76433093009538
4809680.8,-66.7041023336812,-66.72515706955173,-66.68304759781068
4831605.0,-66.6220087337725,-66.64411007481229,-66.59990739273272
4853613.0,-66.54193841021572,-66.56347819136614,-66.5203986290653
4875640.0,-66.46184592016141,-66.48382023712057,-66.43987160320225
4897772.0,-66.38244996697188,-66.40297964319093,-66.36192029075282
4919871.6,-66.30259302353716,-66.32334142621148,-66.28184462086283
4941925.4,-66.22286249097633,-66.24235843223072,-66.20336654972193
4964185.2,-66.14515892862153,-66.16444812108482,-66.12586973615824
4986455.0,-66.06679405083051,-66.08573852512855,-66.04784957653247
5008612.6,-65.98767540614283,-66.00450804210105,-65.9708427701846
5030886.4,-65.91007241383882,-65.92872829880474,-65.8914165288729
5052972.4,-65.83098648396273,-65.85026733777224,-65.81170563015323
5075238.2,-65.75405304692474,-65.77364000565731,-65.73446608819216
5097387.4,-65.67579797142704,-65.69430050820195,-65.65729543465214
5119755.8,-65.59978376918613,-65.61874408594099,-65.58082345243128
5142060.4,-65.52260355882099,-65.54097353789388,-65.5042335797481
5164269.2,-65.44526863634891,-65.46410269785723,-65.4264345748406
5186533.2,-65.36879816161007,-65.38673295733633,-65.35086336588381
5208913.4,-65.29344694200996,-65.31143047534512,-65.27546340867481
5231447.4,-65.21860150372123,-65.23643844155208,-65.20076456589038
5253903.0,-65.14272029105805,-65.1604155536932,-65.12502502842291
5276305.2,-65.06703153260841,-65.08472627236729,-65.04933679284953
5298728.0,-64.99192397400773,-65.00989442161237,-64.9739535264031
5321073.4,-64.91632979033253,-64.93283653256547,-64.89982304809958
5343522.8,-64.84192877845777,-64.85824622639453,-64.82561133052101
5366073.8,-64.76796423289484,-64.78588398330838,-64.7500444824813
5388594.2,-64.69362196358863,-64.70945412486874,-64.67778980230851
5411053.8,-64.6190414737027,-64.63629471175577,-64.60178823564962
5433410.0,-64.54425565086504,-64.56102375691535,-64.52748754481473
5455962.8,-64.47139638182293,-64.48864766064159,-64.45414510300427
5478453.4,-64.39752909028172,-64.41410908898504,-64.3809490915784
5501053.8,-64.32482118756367,-64.34061968745692,-64.30902268767042
5523755.4,-64.25265194798388,-64.26728397041431,-64.23801992555344
5546287.2,-64.17910158085263,-64.19597240758965,-64.16223075411561
5568747.2,-64.10587733845516,-64.12309087591039,-64.08866380099992
5591194.4,-64.03306731732066,-64.0500438490977,-64.01609078554361
5613850.0,-63.96182439369081,-63.978980163998166,-63.94466862338346
5636531.0,-63.890132109710194,-63.906221041372284,-63.874043178048105
5659221.8,-63.818550463062685,-63.83431793791603,-63.80278298820934
5682033.4,-63.74785971292649,-63.76466286693798,-63.731056558915
5704774.6,-63.67640895942178,-63.69074752331064,-63.662070395532915
5727390.2,-63.604612850394616,-63.61993696976136,-63.58928873102787
5750150.8,-63.53443731895662,-63.55110821836702,-63.51776641954622
5773060.4,-63.464891335312984,-63.481565274408915,-63.44821739621705
5795732.4,-63.39342464574681,-63.410055681033576,-63.37679361046005
5818592.8,-63.32416503973237,-63.339999464492166,-63.308330614972576
5841500.2,-63.254862290239636,-63.27128251131263,-63.238442069166645
5864446.6,-63.185851647386116,-63.202014068985044,-63.16968922578719
5887292.8,-63.11616663860981,-63.13325346554499,-63.099079811674635
5910173.0,-63.04731288621291,-63.0625936240405,-63.03203214838531
5933126.8,-62.97898448264114,-62.995776907272635,-62.96219205800964
5955968.2,-62.909690740947305,-62.927161472872235,-62.892220009022374
5978822.8,-62.84098933329646,-62.85752963449413,-62.8244490320988
6001776.2,-62.773101874196676,-62.78970429558835,-62.756499452805
6024450.2,-62.70323508784975,-62.72017401061234,-62.68629616508716
6047483.6,-62.6367512172386,-62.65467476786228,-62.61882766661491
6070374.8,-62.56833545507571,-62.58623160537529,-62.550439304776134
6093179.6,-62.499888919468376,-62.517264143334906,-62.482513695601845
6116284.4,-62.43380613921763,-62.45118297277014,-62.41642930566512
6139283.4,-62.36632933440529,-62.38363127887999,-62.3490273899306
6162271.8,-62.29920142733249,-62.318670695453136,-62.27973215921185
6185303.2,-62.23257918951199,-62.25105878378484,-62.214099595239134
6208359.8,-62.166110373282436,-62.1850505276973,-62.14717021886757
6231381.6,-62.09945780695155,-62.11707518416024,-62.081840429742854
6254575.2,-62.03423602435123,-62.052838832912954,-62.01563321578951
6277850.0,-61.96906126206041,-61.987736710398465,-61.95038581372235
6301076.0,-61.903434877756695,-61.92272376396162,-61.88414599155177
6324168.8,-61.83721723615211,-61.8543161859923,-61.82011828631191
6347336.6,-61.772082874176874,-61.7920345592346,-61.75213118911915
6370304.0,-61.705782535739125,-61.724659559734896,-61.686905511743355
6393540.8,-61.641948114268715,-61.66007524227427,-61.62382098626316
6416669.6,-61.576652150159646,-61.594035012909096,-61.559269287410196
6439734.4,-61.51149495843074,-61.52973792342854,-61.493251993432935
6462810.8,-61.4467415625554,-61.46536722639234,-61.42811589871847
6486189.4,-61.38412737292786,-61.40163905834519,-61.366615687510524
6509359.0,-61.31915215822553,-61.33785794299277,-61.300446373458286
6532715.8,-61.25617994190825,-61.27426298486471,-61.23809689895179
6555841.0,-61.19126685287061,-61.20950598425977,-61.17302772148145
6579137.2,-61.128384441890965,-61.14735494056405,-61.10941394321788
6602508.0,-61.06558028599578,-61.08426358086915,-61.04689699112241
6625892.6,-61.00279204340613,-61.02163068298272,-60.983953403829545
6649294.6,-60.94021431004673,-60.9598285647756,-60.920600055317855
6672766.2,-60.87805874092051,-60.89658781836781,-60.859529663473204
6696124.6,-60.81522598886012,-60.83523610623291,-60.79521587148733
6719543.0,-60.753012690021215,-60.77084163493898,-60.73518374510345
6742920.4,-60.69073617826386,-60.70838158480043,-60.673090771727296
6766497.6,-60.62992133695762,-60.64910796709121,-60.61073470682403
6790034.6,-60.56829945901059,-60.58750940603421,-60.54908951198697
6813510.0,-60.50657943527593,-60.52396712946538,-60.48919174108648
6837038.4,-60.44557106031478,-60.46377290855405,-60.42736921207552
6860748.0,-60.38570495764505,-60.403565648353414,-60.36784426693669
6884070.2,-60.323015845191776,-60.340711879193194,-60.30531981119036
6907605.6,-60.263011190343676,-60.27981523096544,-60.24620714972191
6931007.8,-60.20162880117323,-60.21931931641315,-60.18393828593331
6954403.6,-60.14073039546349,-60.159615772179336,-60.12184501874765
6978083.2,-60.081716687493895,-60.10028701723473,-60.06314635775306
7001710.8,-60.021696170935606,-60.03999464876746,-60.00339769310375
7025340.2,-59.96180903608174,-59.98020194608281,-59.94341612608067
7048867.8,-59.901488050586536,-59.919740736944924,-59.88323536422815
7072385.8,-59.841511413324994,-59.85850977190507,-59.82451305474492
7095988.0,-59.78210453791687,-59.7999300508688,-59.76427902496494
7119511.2,-59.72225748202667,-59.73963003763105,-59.70488492642229
7143116.2,-59.66331356348094,-59.68013067756851,-59.64649644939337
7166729.8,-59.60428098153692,-59.62123754401802,-59.58732441905581
7190372.4,-59.54557980636039,-59.56161006982933,-59.529549542891445
7214123.4,-59.48751693997285,-59.50392615926202,-59.471107720683676
7237821.8,-59.42884834566362,-59.44418681637738,-59.41350987494985
7261643.4,-59.37123476830614,-59.38617151642387,-59.356298020188405
7285482.0,-59.313306426882605,-59.32834126162128,-59.29827159214393
7309208.2,-59.255097279877134,-59.27079017565117,-59.239404384103096
7333014.4,-59.197688127216054,-59.2141070303628,-59.18126922406931
7356825.0,-59.1400817513362,-59.156814677162906,-59.12334882550949
7380677.4,-59.08292913870916,-59.09963573929262,-59.0662225381257
7404547.4,-59.025840415043795,-59.04157340120938,-59.010107428878214
7428476.0,-58.96910170374586,-58.98572361382072,-58.952479793670996
7452271.8,-58.91161630493981,-58.92837763810585,-58.894854971773775
7476264.0,-58.85571694765567,-58.87184794695463,-58.839585948356714
7500108.2,-58.798657865456015,-58.813935489161665,-58.783380241750365
7524002.4,-58.74227924844172,-58.75708083490519,-58.72747766197825
7547811.0,-58.685358827039906,-58.70123904791936,-58.66947860616045
7571815.2,-58.62993500731007,-58.645275640737374,-58.61459437388276
7595765.8,-58.5738256705568,-58.59012872282372,-58.55752261828988
7619705.8,-58.517958457550336,-58.533619935864735,-58.502296979235936
7643844.8,-58.463201708540865,-58.47868336694517,-58.44772005013656
7667844.2,-58.4073606344484,-58.42355614576689,-58.391165123129916
7691801.0,-58.35175001845259,-58.36590784234179,-58.33759219456339
7715792.4,-58.29664479696745,-58.31107629237845,-58.282213301556446
7739828.6,-58.24166096844624,-58.25538548906504,-58.22793644782744
7763867.0,-58.186755143466975,-58.20136459519399,-58.172145691739956
7787958.2,-58.13217534268657,-58.146258308217426,-58.11809237715572
7811725.8,-58.07589657914114,-58.08997655900547,-58.0618165992768
7835859.2,-58.02258604959932,-58.035553591273825,-58.00961850792481
7859992.8,-57.9682682422645,-57.98210773497517,-57.95442874955383
7884159.4,-57.91440705109974,-57.929091650284334,-57.89972245191514
7908104.4,-57.859331469019665,-57.87289900941621,-57.84576392862312
7932206.8,-57.80593334393617,-57.82005988712651,-57.791806800745825
7956214.0,-57.75167972597635,-57.765227821994195,-57.73813162995851
7980369.6,-57.69844963728927,-57.711846879351086,-57.68505239522746
8004588.2,-57.64531436222285,-57.65856619075714,-57.632062533688554
8028755.4,-57.59185490150146,-57.60614495592722,-57.577564847075706
8052978.2,-57.53880435013819,-57.552438015223586,-57.5251706850528
8077342.8,-57.48642699979767,-57.50030138892702,-57.47255261066832
8101578.2,-57.433184425057064,-57.44645381296047,-57.41991503715366
8126044.2,-57.381592072446416,-57.394550568063345,-57.36863357682949
8150196.6,-57.32798153880839,-57.34122081267329,-57.31474226494348
8174721.2,-57.27699491044037,-57.290810385438014,-57.26317943544273
8199041.2,-57.224312693650894,-57.23760741262999,-57.2110179746718
8223427.6,-57.17250877009305,-57.18620417557319,-57.15881336461292
8248047.4,-57.12165364817962,-57.135511178129065,-57.10779611823017
8272424.0,-57.06923832806041,-57.08296458552993,-57.055512070590886
8296600.8,-57.01653703867885,-57.0305879968262,-57.0024860805315
8321029.2,-56.96574647896607,-56.97972689825732,-56.95176605967482
8345431.2,-56.91419933715588,-56.927874972652226,-56.90052370165953
8369976.0,-56.86361667684082,-56.87743784213301,-56.84979551154863
8394397.2,-56.81224338296414,-56.82543109776681,-56.79905566816147
8418971.4,-56.76189182158622,-56.775840760790786,-56.74794288238165
8443477.8,-56.711008767836326,-56.72490765134065,-56.697109884332
8468108.8,-56.66072763613401,-56.675176347167124,-56.6462789251009
8492659.2,-56.610054913557725,-56.62539297696051,-56.59471685015494
8517021.2,-56.55879385492536,-56.573526007267404,-56.54406170258332
8541435.2,-56.5083363216516,-56.522765665182014,-56.49390697812118
8566000.0,-56.45846425559894,-56.4736493323471,-56.44327917885078
8590524.4,-56.40812903498734,-56.422753570980156,-56.393504498994524
8615094.0,-56.35831160268731,-56.3732165717489,-56.34340663362572
8639804.2,-56.30910401663412,-56.32452220867367,-56.293685824594576
8664205.6,-56.25837861177818,-56.273883292375125,-56.24287393118123
8688842.6,-56.209442959272565,-56.22465515239917,-56.19423076614596
8713463.4,-56.160072460678464,-56.175966140087866,-56.14417878126906
8737976.8,-56.11029743439301,-56.125765511183836,-56.09482935760219
8762573.0,-56.0612276319046,-56.07647227863279,-56.04598298517641
8787307.0,-56.01257217361747,-56.02742059936195,-55.99772374787299
8811793.4,-55.96267515381993,-55.978131719763276,-55.947218587876584
8836398.2,-55.91402000915624,-55.92892655020881,-55.89911346810367
8861078.2,-55.8655435987946,-55.88032071406762,-55.85076648352158
8885839.8,-55.81730215855085,-55.83234258499029,-55.80226173211141
8910608.2,-55.768933263671144,-55.783222237171415,-55.75464429017087
8935396.8,-55.720835232519946,-55.73576322491037,-55.70590724012952
8960023.4,-55.67202102126531,-55.685734225238846,-55.65830781729177
8984804.0,-55.62434028424709,-55.63843318947722,-55.61024737901696
9009542.6,-55.57633606381987,-55.590814289182276,-55.56185783845747
9034484.2,-55.529288597086406,-55.54283831813309,-55.51573887603972
9059265.2,-55.48122351302796,-55.49521863853931,-55.46722838751661
9084082.0,-55.433777751287586,-55.44846502875042,-55.41909047382475
9108950.6,-55.38654402839946,-55.4008900212676,-55.372198035531326
9133924.0,-55.339678320114785,-55.3541391791062,-55.32521746112337
9158793.8,-55.29225711317129,-55.305888404855736,-55.27862582148684
9183555.4,-55.244764249723666,-55.258466730034556,-55.231061769412776
9208441.0,-55.198112727340785,-55.21215313649297,-55.1840723181886
9233333.4,-55.15119943040577,-55.1642128134571,-55.13818604735444
9258222.0,-55.104363639666325,-55.11788067678702,-55.09084660254563
9283207.0,-55.058211498292835,-55.07091248657809,-55.04551051000758
9308154.2,-55.011685589065266,-55.02503095674921,-54.99834022138132
9333196.4,-54.96571553350274,-54.979032887531886,-54.95239817947359
9357940.2,-54.91839298157422,-54.931492944131904,-54.90529301901654
9382895.0,-54.87277464788441,-54.88675926806319,-54.85879002770564
9407953.4,-54.827139790572666,-54.84090679508028,-54.81337278606505
9432854.2,-54.78066304634316,-54.794732827838054,-54.76659326484826
9457958.4,-54.73549960038756,-54.749713135514654,-54.72128606526047
9483047.2,-54.69000248057275,-54.703737262685685,-54.67626769845982
9507991.4,-54.64399909583996,-54.65813528372212,-54.6298629079578
9532909.6,-54.59830786835465,-54.61332658919948,-54.583289147509824
9557810.0,-54.552660670379126,-54.566878885191095,-54.53844245556716
9582782.0,-54.507336178271814,-54.52203780279309,-54.492634553750534
9607912.6,-54.462674910842374,-54.476906183212556,-54.44844363847219
9633140.0,-54.41820086768399,-54.43244247756044,-54.40395925780754
9658347.8,-54.37338642718386,-54.38896286192425,-54.35780999244347
9683442.4,-54.32826497593796,-54.34409879665,-54.31243115522592
9708612.2,-54.283834195826635,-54.298560322202015,-54.269108069451256
9733590.4,-54.238509050762914,-54.25302079649203,-54.2239973050338
9758759.4,-54.19453661542856,-54.209437691896895,-54.17963553896023
9784042.2,-54.150582734389374,-54.16539967573939,-54.13576579303936
9809190.0,-54.10610024526022,-54.121291283596946,-54.0909092069235
9834550.6,-54.06279919479302,-54.078413977623036,-54.04718441196301
9859766.2,-54.01848433416977,-54.033098534988106,-54.003870133351434
9884860.6,-53.97402686255883,-53.98871146925385,-53.95934225586381
9910171.4,-53.93080528936482,-53.94536225491289,-53.91624832381675
9935498.8,-53.88725360165697,-53.90142086266363,-53.87308634065032
9960687.2,-53.843381576015226,-53.857323239092565,-53.829439912937886
9985901.8,-53.79977971382213,-53.813376695682386,-53.78618273196188
